{
  "particles": {
    "number": {
      "value": 100,
      "density": {
        "enable": true,
        "value_area": 800
      }
    },
    "color": {
      "value": ["#ff1e1e", "#ffffff", "#000000"]
    },
    "shape": {
      "type": "circle",
      "stroke": {
        "width": 0,
        "color": "#000000"
      },
      "polygon": {
        "nb_sides": 5
      }
    },
    "opacity": {
      "value": 0.6,
      "random": true
    },
    "size": {
      "value": 3.5,
      "random": true
    },
    "line_linked": {
      "enable": true,
      "distance": 130,
      "color": "#ff1e1e",
      "opacity": 0.5,
      "width": 1.2
    },
    "move": {
      "enable": true,
      "speed": 3,
      "direction": "none",
      "random": false,
      "straight": false,
      "out_mode": "out",
      "bounce": false
    }
  },
  "interactivity": {
    "detect_on": "canvas",
    "events": {
      "onhover": {
        "enable": true,
        "mode": "repulse"
      },
      "onclick": {
        "enable": true,
        "mode": "push"
      },
      "resize": true
    },
    "modes": {
      "repulse": {
        "distance": 100,
        "duration": 0.4
      },
      "push": {
        "particles_nb": 4
      }
    }
  },
  "retina_detect": true
}
